0,1,2,3,4,5,6,7,8,9,10,11,12,13,14,15,16,17,18,19,20,21,22,23,24,25,26,27,28,29,30,31,32,33,34,35,36,37,38,39,40,41
0.0013502220690046673,0.005400888276018668,0.012134957918822666,0.02139906467744257,0.03249649487716673,0.04339856052623871,0.05048647832197234,0.05048647832197233,0.04339856052623871,0.03249649487716672,0.021399064677442556,0.012134957918822659,0.0054008882760186675,0.0013502220690046669,0.0013502220690046673,0.005400888276018668,0.012134957918822664,0.02139906467744257,0.03249649487716673,0.04339856052623872,0.05048647832197237,0.05048647832197236,0.04339856052623872,0.032496494877166736,0.021399064677442573,0.012134957918822666,0.005400888276018669,0.0013502220690046677,0.0013502220690046669,0.005400888276018667,0.012134957918822657,0.02139906467744256,0.03249649487716673,0.04339856052623873,0.05048647832197237,0.050486478321972374,0.04339856052623874,0.03249649487716675,0.021399064677442573,0.012134957918822666,0.005400888276018668,0.0013502220690046677
0.001880611675480827,0.007568925528097973,0.017261070888369322,0.03120689804063493,0.04873593782527592,0.06552511765358322,0.07315126068442056,0.0667272058183306,0.051066450415248765,0.034487039895356335,0.021149696472364764,0.011496752470132524,0.005008916191542094,0.0012420047465666669,0.001880611675480827,0.00747596787574864,0.016517409669574653,0.028102320366220616,0.039964062068353755,0.04827193740598968,0.049589683231318876,0.04379538148443993,0.034057298619051546,0.02388079328645537,0.015159458018982696,0.008437731300127739,0.0037236582211861388,0.0009280497849665088,0.0012420047465666669,0.004927121780991238,0.010842397185725678,0.018391226029666988,0.02634105345456845,0.03276374867396805,0.0356360793715652,0.03401925934175898,0.028706810389591074,0.021570082732990586,0.01438478913678542,0.008254385999006072,0.0037007400585459295,0.0009280497849665088
0.0012420047465666669,0.005008916191542095,0.011496752470132529,0.021149696472364775,0.034487039895356335,0.05106645041524876,0.0667272058183306,0.07315126068442054,0.06552511765358321,0.04873593782527589,0.0312068980406349,0.01726107088836931,0.007568925528097968,0.001880611675480826,0.0012420047465666669,0.004927121780991238,0.010842397185725682,0.018391226029666998,0.026341053454568452,0.03276374867396805,0.035636079371565196,0.034019259341758964,0.028706810389591057,0.021570082732990575,0.014384789136785417,0.00825438599900607,0.00370074005854593,0.0009280497849665087,0.001880611675480826,0.007475967875748634,0.01651740966957464,0.028102320366220596,0.03996406206835374,0.04827193740598968,0.049589683231318876,0.043795381484439934,0.03405729861905156,0.023880793286455378,0.015159458018982698,0.008437731300127737,0.0037236582211861375,0.0009280497849665087
0.0018806116754808268,0.007475967875748639,0.016517409669574653,0.02810232036622062,0.03996406206835375,0.048271937405989666,0.049589683231318855,0.04379538148443991,0.03405729861905154,0.023880793286455357,0.015159458018982682,0.008437731300127736,0.003723658221186137,0.0009280497849665084,0.0018806116754808268,0.007568925528097972,0.017261070888369322,0.03120689804063493,0.04873593782527591,0.06552511765358322,0.0731512606844206,0.06672720581833062,0.05106645041524878,0.034487039895356356,0.021149696472364782,0.011496752470132529,0.005008916191542096,0.0012420047465666673,0.0009280497849665084,0.003700740058545928,0.008254385999006068,0.01438478913678541,0.021570082732990572,0.02870681038959106,0.03401925934175897,0.03563607937156521,0.032763748673968064,0.026341053454568466,0.018391226029667,0.010842397185725683,0.004927121780991239,0.0012420047465666673
0.0009280497849665085,0.0037236582211861375,0.008437731300127737,0.015159458018982691,0.02388079328645536,0.03405729861905153,0.0437953814844399,0.04958968323131884,0.04827193740598966,0.039964062068353734,0.0281023203662206,0.016517409669574646,0.007475967875748637,0.0018806116754808261,0.0009280497849665085,0.0037007400585459295,0.00825438599900607,0.014384789136785413,0.02157008273299057,0.028706810389591057,0.03401925934175897,0.035636079371565196,0.03276374867396806,0.02634105345456846,0.018391226029667,0.010842397185725682,0.00492712178099124,0.001242004746566667,0.0018806116754808261,0.007568925528097969,0.01726107088836931,0.031206898040634912,0.04873593782527592,0.06552511765358324,0.0731512606844206,0.06672720581833064,0.05106645041524881,0.03448703989535636,0.021149696472364782,0.011496752470132529,0.005008916191542095,0.001242004746566667
0.0012420047465666667,0.00492712178099124,0.010842397185725683,0.018391226029666998,0.026341053454568455,0.032763748673968036,0.03563607937156518,0.03401925934175896,0.028706810389591046,0.02157008273299056,0.014384789136785404,0.008254385999006068,0.003700740058545929,0.0009280497849665084,0.0012420047465666667,0.005008916191542095,0.011496752470132529,0.021149696472364775,0.03448703989535634,0.05106645041524879,0.06672720581833064,0.07315126068442059,0.06552511765358324,0.04873593782527593,0.031206898040634933,0.01726107088836932,0.007568925528097973,0.001880611675480827,0.0009280497849665084,0.003723658221186137,0.008437731300127734,0.015159458018982688,0.023880793286455364,0.03405729861905155,0.043795381484439934,0.04958968323131888,0.0482719374059897,0.03996406206835377,0.028102320366220627,0.016517409669574653,0.007475967875748638,0.001880611675480827
0.0009280497849665085,0.00370074005854593,0.00825438599900607,0.014384789136785413,0.02157008273299057,0.028706810389591043,0.03401925934175895,0.035636079371565176,0.032763748673968036,0.02634105345456844,0.018391226029666984,0.010842397185725678,0.004927121780991239,0.0012420047465666667,0.0009280497849665085,0.0037236582211861383,0.008437731300127737,0.015159458018982691,0.02388079328645536,0.034057298619051546,0.04379538148443993,0.04958968323131887,0.04827193740598969,0.039964062068353755,0.028102320366220616,0.01651740966957465,0.0074759678757486394,0.001880611675480827,0.0012420047465666667,0.005008916191542094,0.011496752470132524,0.02114969647236477,0.03448703989535635,0.051066450415248786,0.06672720581833064,0.0731512606844206,0.06552511765358326,0.048735937825275945,0.031206898040634933,0.017261070888369322,0.007568925528097972,0.001880611675480827
0.0015310110461362293,0.006227215862713461,0.014608521529968287,0.0280231923968953,0.04877233005236914,0.07797363626782437,0.10372389520179105,0.10372389520179105,0.07797363626782439,0.04877233005236914,0.02802319239689528,0.014608521529968279,0.006227215862713459,0.001531011046136229,0.0015310110461362293,0.00602087250637637,0.012957774679271566,0.021066329624916738,0.028253602489031738,0.03227663580656051,0.03198570172032788,0.02800011950864293,0.022051079499225835,0.015794376859630296,0.010224919595432286,0.005770262067092548,0.002566009791725143,0.0006415024479312858,0.001531011046136229,0.006020872506376369,0.01295777467927156,0.021066329624916724,0.02825360248903173,0.03227663580656051,0.03198570172032788,0.028000119508642937,0.022051079499225842,0.0157943768596303,0.010224919595432286,0.0057702620670925485,0.002566009791725143,0.0006415024479312858
0.0028070807374762506,0.011228322949905,0.02513993299631386,0.043427768107951216,0.06138658489719851,0.07033238297464364,0.06522702062208391,0.050801129198578224,0.0353153146045147,0.02286485681741313,0.01379660260573494,0.007457716001510639,0.003243523505963345,0.0008038839192836768,0.0028070807374762506,0.011228322949905,0.025139932996313855,0.043427768107951216,0.061386584897198504,0.07033238297464363,0.06522702062208395,0.05080112919857825,0.03531531460451471,0.022864856817413143,0.013796602605734953,0.0074577160015106446,0.003243523505963346,0.000803883919283677,0.0008038839192836768,0.0031875478483060684,0.007009910740252427,0.011900277147225346,0.017152938850461222,0.021712941519850003,0.024400380036049347,0.02440038003604935,0.021712941519850013,0.017152938850461236,0.011900277147225356,0.007009910740252432,0.0031875478483060693,0.000803883919283677
0.0008038839192836767,0.0032435235059633445,0.00745771600151064,0.013796602605734946,0.022864856817413126,0.03531531460451468,0.0508011291985782,0.06522702062208388,0.0703323829746436,0.06138658489719847,0.043427768107951174,0.025139932996313844,0.011228322949904996,0.002807080737476249,0.0008038839192836767,0.003187547848306068,0.007009910740252428,0.011900277147225347,0.017152938850461222,0.02171294151985,0.02440038003604934,0.02440038003604934,0.021712941519850003,0.017152938850461225,0.011900277147225349,0.007009910740252428,0.0031875478483060684,0.0008038839192836771,0.002807080737476249,0.011228322949904992,0.025139932996313834,0.04342776810795118,0.06138658489719849,0.07033238297464364,0.06522702062208394,0.050801129198578245,0.03531531460451471,0.022864856817413147,0.013796602605734953,0.007457716001510641,0.003243523505963345,0.0008038839192836771
0.0015310110461362284,0.006020872506376369,0.012957774679271563,0.02106632962491673,0.028253602489031734,0.0322766358065605,0.03198570172032786,0.028000119508642913,0.022051079499225825,0.015794376859630286,0.010224919595432275,0.005770262067092545,0.0025660097917251418,0.0006415024479312856,0.0015310110461362284,0.006227215862713458,0.014608521529968284,0.028023192396895297,0.048772330052369146,0.07797363626782439,0.10372389520179107,0.10372389520179105,0.07797363626782439,0.04877233005236915,0.028023192396895297,0.014608521529968284,0.00622721586271346,0.0015310110461362286,0.0006415024479312856,0.0025660097917251418,0.005770262067092545,0.010224919595432279,0.01579437685963029,0.02205107949922583,0.028000119508642927,0.031985701720327886,0.03227663580656052,0.02825360248903174,0.021066329624916735,0.012957774679271566,0.006020872506376369,0.0015310110461362286
0.0006415024479312859,0.0025660097917251426,0.0057702620670925485,0.010224919595432282,0.01579437685963029,0.022051079499225825,0.028000119508642916,0.03198570172032786,0.0322766358065605,0.028253602489031727,0.02106632962491672,0.012957774679271561,0.00602087250637637,0.0015310110461362286,0.0006415024479312859,0.002566009791725143,0.005770262067092549,0.010224919595432284,0.015794376859630293,0.022051079499225835,0.02800011950864293,0.03198570172032788,0.03227663580656052,0.028253602489031752,0.02106632962491674,0.012957774679271566,0.006020872506376371,0.00153101104613623,0.0015310110461362286,0.006227215862713459,0.014608521529968279,0.028023192396895293,0.04877233005236916,0.07797363626782441,0.10372389520179112,0.10372389520179112,0.07797363626782444,0.048772330052369195,0.02802319239689531,0.014608521529968287,0.006227215862713462,0.00153101104613623
0.000803883919283677,0.0031875478483060693,0.007009910740252431,0.011900277147225352,0.017152938850461225,0.021712941519849996,0.024400380036049333,0.024400380036049333,0.02171294151985,0.017152938850461222,0.011900277147225346,0.007009910740252428,0.0031875478483060684,0.0008038839192836768,0.000803883919283677,0.0032435235059633458,0.007457716001510642,0.013796602605734948,0.022864856817413133,0.035315314604514716,0.05080112919857826,0.06522702062208394,0.07033238297464364,0.06138658489719852,0.04342776810795121,0.025139932996313855,0.011228322949905,0.00280708073747625,0.0008038839192836768,0.0032435235059633453,0.007457716001510641,0.013796602605734946,0.02286485681741314,0.035315314604514716,0.050801129198578265,0.06522702062208395,0.07033238297464367,0.06138658489719853,0.043427768107951216,0.025139932996313855,0.011228322949905,0.00280708073747625
0.00247273977822032,0.010072242012659974,0.023668850745403945,0.045139346222935105,0.07530911516121101,0.10210773833155413,0.10315328091102659,0.07840509001878154,0.05012877482028007,0.030171826513457765,0.017312963094498212,0.009080517181996518,0.003889285755272987,0.0009582499845280937,0.00247273977822032,0.009709676213102581,0.020768324348944826,0.03312263571671128,0.04257069886688116,0.04533517880094395,0.041051558667543286,0.03273809671735644,0.02380557627949018,0.016071908536175118,0.010001675626136167,0.005512313344201972,0.0024218715033216473,0.0006026357420462461,0.0009582499845280937,0.003776714120951761,0.008179944107426708,0.013494575225411294,0.018609139709406707,0.022215606395578315,0.023334973577963783,0.021797117327884072,0.01825723349921221,0.013754839069661372,0.0092337893519626,0.0053310567820153655,0.0023992144330483214,0.0006026357420462461
0.0009582499845280937,0.003889285755272988,0.009080517181996525,0.017312963094498226,0.03017182651345776,0.05012877482028005,0.07840509001878151,0.10315328091102659,0.10210773833155415,0.07530911516121098,0.045139346222935056,0.023668850745403924,0.010072242012659967,0.0024727397782203188,0.0009582499845280937,0.003776714120951761,0.00817994410742671,0.0134945752254113,0.01860913970940671,0.022215606395578312,0.023334973577963776,0.02179711732788406,0.018257233499212204,0.013754839069661367,0.009233789351962597,0.005331056782015365,0.0023992144330483214,0.0006026357420462461,0.0024727397782203188,0.009709676213102578,0.020768324348944815,0.03312263571671126,0.04257069886688114,0.04533517880094393,0.04105155866754327,0.032738096717356446,0.023805576279490183,0.01607190853617512,0.010001675626136167,0.005512313344201971,0.0024218715033216473,0.0006026357420462461
0.0024727397782203196,0.009709676213102583,0.02076832434894483,0.03312263571671128,0.04257069886688116,0.04533517880094394,0.04105155866754327,0.03273809671735643,0.023805576279490176,0.01607190853617511,0.010001675626136158,0.00551231334420197,0.0024218715033216464,0.0006026357420462461,0.0024727397782203196,0.01007224201265997,0.023668850745403945,0.04513934622293511,0.07530911516121101,0.10210773833155418,0.10315328091102666,0.07840509001878158,0.05012877482028009,0.03017182651345779,0.017312963094498233,0.009080517181996527,0.0038892857552729897,0.0009582499845280942,0.0006026357420462461,0.0023992144330483205,0.005331056782015364,0.009233789351962595,0.013754839069661368,0.018257233499212207,0.021797117327884072,0.02333497357796379,0.022215606395578333,0.01860913970940673,0.013494575225411308,0.008179944107426713,0.0037767141209517625,0.0009582499845280942
0.0006026357420462461,0.0024218715033216464,0.005512313344201972,0.010001675626136164,0.016071908536175107,0.023805576279490162,0.03273809671735642,0.041051558667543245,0.04533517880094392,0.04257069886688114,0.03312263571671126,0.02076832434894482,0.00970967621310258,0.0024727397782203183,0.0006026357420462461,0.002399214433048321,0.0053310567820153655,0.009233789351962597,0.013754839069661361,0.018257233499212204,0.02179711732788407,0.02333497357796378,0.02221560639557832,0.01860913970940672,0.013494575225411304,0.008179944107426711,0.003776714120951763,0.0009582499845280941,0.0024727397782203183,0.010072242012659969,0.023668850745403924,0.045139346222935084,0.07530911516121104,0.10210773833155422,0.10315328091102666,0.07840509001878158,0.050128774820280116,0.030171826513457803,0.01731296309449824,0.009080517181996527,0.0038892857552729893,0.0009582499845280941
0.0009582499845280938,0.0037767141209517634,0.008179944107426715,0.013494575225411308,0.01860913970940672,0.02221560639557832,0.023334973577963776,0.02179711732788406,0.018257233499212207,0.013754839069661365,0.009233789351962594,0.005331056782015365,0.0023992144330483214,0.0006026357420462461,0.0009582499845280938,0.0038892857552729893,0.009080517181996525,0.017312963094498233,0.030171826513457782,0.0501287748202801,0.07840509001878158,0.10315328091102664,0.1021077383315542,0.07530911516121105,0.04513934622293512,0.02366885074540394,0.010072242012659972,0.0024727397782203205,0.0006026357420462461,0.0024218715033216473,0.00551231334420197,0.010001675626136162,0.016071908536175118,0.023805576279490183,0.03273809671735645,0.04105155866754331,0.04533517880094396,0.042570698866881175,0.03312263571671129,0.020768324348944833,0.009709676213102583,0.0024727397782203205
0.0006026357420462463,0.002399214433048322,0.005331056782015367,0.0092337893519626,0.013754839069661368,0.018257233499212204,0.02179711732788406,0.023334973577963776,0.02221560639557832,0.018609139709406718,0.013494575225411299,0.008179944107426711,0.003776714120951762,0.0009582499845280938,0.0006026357420462463,0.0024218715033216477,0.005512313344201974,0.010001675626136167,0.016071908536175114,0.023805576279490186,0.03273809671735645,0.04105155866754328,0.04533517880094395,0.042570698866881175,0.033122635716711285,0.02076832434894483,0.009709676213102585,0.0024727397782203205,0.0009582499845280938,0.0038892857552729884,0.009080517181996524,0.017312963094498226,0.030171826513457782,0.05012877482028011,0.0784050900187816,0.10315328091102668,0.10210773833155425,0.07530911516121107,0.045139346222935126,0.023668850745403945,0.010072242012659974,0.0024727397782203205
0.001650999800231222,0.0068067009027013795,0.016552447572612462,0.03418014341360462,0.06766109668888734,0.12991836130056622,0.17026320158369276,0.13064333219449423,0.06909537508571385,0.036268964230026506,0.01915010713733412,0.009591490321294931,0.004017224786006355,0.0009814602917902456,0.001650999800231222,0.006401297499148393,0.013309220344188572,0.02037590834546292,0.025170833161934046,0.02620940828833906,0.02378472295978455,0.019386775433241396,0.01451558582733084,0.010065526780433036,0.006391037218153415,0.003568077833446739,0.0015784166852299943,0.0003938218167811028,0.0009814602917902456,0.0038344575483156068,0.008129352419768946,0.012911312066027287,0.0168658276730463,0.01886393527454401,0.018517192513791584,0.01626408674717678,0.012963972380679173,0.009423110752066303,0.006178768220573416,0.003518007143757407,0.0015721578490188277,0.0003938218167811028
0.000981460291790246,0.004017224786006357,0.009591490321294941,0.019150107137334137,0.036268964230026506,0.06909537508571385,0.13064333219449425,0.1702632015836928,0.12991836130056625,0.06766109668888737,0.034180143413604605,0.016552447572612452,0.006806700902701379,0.001650999800231222,0.000981460291790246,0.003834457548315609,0.008129352419768953,0.0129113120660273,0.01686582767304631,0.018863935274544014,0.018517192513791587,0.016264086747176772,0.012963972380679171,0.009423110752066303,0.006178768220573415,0.0035180071437574062,0.0015721578490188277,0.0003938218167811028,0.001650999800231222,0.006401297499148392,0.013309220344188567,0.020375908345462903,0.025170833161934032,0.026209408288339058,0.02378472295978456,0.019386775433241403,0.014515585827330847,0.010065526780433041,0.006391037218153418,0.003568077833446739,0.0015784166852299943,0.0003938218167811028
0.004067890758727605,0.01653016074948685,0.03838075287940664,0.06966866482634676,0.09782222412901125,0.10020588805803363,0.07667857556659916,0.04947714610734828,0.03043957609398472,0.01832311627706696,0.010603777430314387,0.005603413977363809,0.0024105922356692897,0.0005949990980667558,0.004067890758727605,0.016012965320333993,0.03424318944618377,0.05332674347485859,0.06391747133245797,0.06054843759775719,0.04773776467159507,0.033663855045212625,0.022394211399032936,0.014254456395967256,0.008552044992113445,0.00461556773524128,0.0020068171287879145,0.0004973641595277902,0.0005949990980667558,0.002349400548864756,0.005113880482927541,0.008523922048898755,0.011969772368411605,0.014690899164454345,0.016009760993624087,0.015605089603499982,0.013643350996296048,0.010672745767728644,0.007373361090627037,0.004337799884413209,0.0019720961474344054,0.0004973641595277902
0.0005949990980667557,0.0024105922356692897,0.005603413977363811,0.01060377743031439,0.018323116277066953,0.0304395760939847,0.049477146107348255,0.07667857556659911,0.1002058880580336,0.0978222241290112,0.0696686648263467,0.03838075287940661,0.01653016074948684,0.0040678907587276035,0.0005949990980667557,0.002349400548864756,0.005113880482927541,0.008523922048898758,0.011969772368411605,0.014690899164454341,0.01600976099362408,0.015605089603499973,0.013643350996296044,0.010672745767728638,0.007373361090627032,0.0043377998844132066,0.0019720961474344054,0.00049736415952779,0.0040678907587276035,0.016012965320333982,0.03424318944618374,0.053326743474858544,0.06391747133245794,0.06054843759775717,0.04773776467159505,0.03366385504521261,0.022394211399032932,0.014254456395967254,0.008552044992113445,0.004615567735241279,0.002006817128787914,0.00049736415952779
0.004067890758727605,0.016012965320333993,0.03424318944618377,0.05332674347485857,0.06391747133245797,0.06054843759775718,0.04773776467159505,0.0336638550452126,0.022394211399032925,0.014254456395967247,0.008552044992113437,0.004615567735241278,0.002006817128787914,0.00049736415952779,0.004067890758727605,0.016530160749486846,0.038380752879406635,0.06966866482634676,0.09782222412901123,0.10020588805803363,0.07667857556659918,0.04947714610734831,0.03043957609398473,0.01832311627706697,0.010603777430314397,0.005603413977363812,0.0024105922356692905,0.0005949990980667559,0.00049736415952779,0.001972096147434405,0.004337799884413206,0.00737336109062703,0.010672745767728637,0.013643350996296044,0.015605089603499978,0.01600976099362409,0.014690899164454351,0.011969772368411614,0.008523922048898763,0.005113880482927544,0.0023494005488647568,0.0005949990980667559
0.00049736415952779,0.002006817128787914,0.004615567735241279,0.008552044992113443,0.014254456395967246,0.02239421139903291,0.03366385504521258,0.047737764671595025,0.06054843759775716,0.06391747133245794,0.05332674347485855,0.03424318944618376,0.01601296532033399,0.004067890758727604,0.00049736415952779,0.0019720961474344054,0.004337799884413207,0.007373361090627033,0.010672745767728637,0.013643350996296042,0.015605089603499976,0.016009760993624084,0.014690899164454346,0.01196977236841161,0.00852392204889876,0.005113880482927544,0.002349400548864757,0.000594999098066756,0.004067890758727604,0.016530160749486843,0.03838075287940661,0.06966866482634672,0.09782222412901125,0.10020588805803365,0.07667857556659918,0.04947714610734831,0.030439576093984736,0.018323116277066974,0.010603777430314399,0.005603413977363813,0.0024105922356692905,0.000594999098066756
0.001650999800231222,0.0064012974991483965,0.01330922034418858,0.020375908345462924,0.025170833161934053,0.026209408288339064,0.02378472295978455,0.019386775433241396,0.014515585827330842,0.010065526780433036,0.0063910372181534125,0.0035680778334467385,0.001578416685229994,0.00039382181678110275,0.001650999800231222,0.006806700902701381,0.016552447572612466,0.034180143413604626,0.06766109668888737,0.12991836130056628,0.17026320158369287,0.13064333219449428,0.06909537508571388,0.03626896423002653,0.019150107137334144,0.00959149032129494,0.004017224786006357,0.000981460291790246,0.00039382181678110275,0.001572157849018827,0.003518007143757406,0.006178768220573413,0.009423110752066302,0.012963972380679175,0.016264086747176783,0.018517192513791598,0.018863935274544028,0.01686582767304632,0.012911312066027305,0.008129352419768957,0.00383445754831561,0.000981460291790246
0.00039382181678110297,0.001578416685229995,0.003568077833446741,0.006391037218153417,0.010065526780433036,0.01451558582733084,0.019386775433241393,0.023784722959784548,0.026209408288339064,0.025170833161934046,0.02037590834546291,0.013309220344188572,0.006401297499148396,0.0016509998002312226,0.00039382181678110297,0.0015721578490188284,0.0035180071437574084,0.006178768220573417,0.009423110752066303,0.012963972380679176,0.016264086747176786,0.018517192513791594,0.018863935274544025,0.01686582767304632,0.012911312066027303,0.008129352419768957,0.003834457548315611,0.0009814602917902465,0.0016509998002312226,0.006806700902701382,0.016552447572612466,0.034180143413604626,0.0676610966888874,0.1299183613005663,0.17026320158369287,0.1306433321944943,0.06909537508571392,0.036268964230026554,0.01915010713733415,0.009591490321294945,0.00401722478600636,0.0009814602917902465
0.0009814602917902458,0.00383445754831561,0.008129352419768955,0.0129113120660273,0.016865827673046313,0.018863935274544014,0.01851719251379158,0.01626408674717677,0.01296397238067917,0.009423110752066298,0.006178768220573411,0.003518007143757406,0.0015721578490188273,0.0003938218167811028,0.0009814602917902458,0.004017224786006358,0.00959149032129494,0.019150107137334137,0.03626896423002651,0.0690953750857139,0.1306433321944943,0.17026320158369282,0.12991836130056625,0.06766109668888738,0.03418014341360464,0.016552447572612466,0.00680670090270138,0.001650999800231222,0.0003938218167811028,0.001578416685229994,0.0035680778334467385,0.006391037218153413,0.010065526780433036,0.014515585827330847,0.019386775433241406,0.023784722959784566,0.02620940828833908,0.02517083316193406,0.020375908345462924,0.013309220344188575,0.006401297499148394,0.001650999800231222
0.000393821816781103,0.0015721578490188286,0.003518007143757409,0.006178768220573417,0.009423110752066303,0.012963972380679171,0.016264086747176772,0.018517192513791584,0.018863935274544018,0.016865827673046313,0.012911312066027294,0.008129352419768953,0.00383445754831561,0.0009814602917902458,0.000393821816781103,0.0015784166852299952,0.0035680778334467415,0.006391037218153417,0.010065526780433036,0.014515585827330849,0.019386775433241406,0.023784722959784562,0.02620940828833908,0.02517083316193406,0.02037590834546292,0.013309220344188575,0.006401297499148396,0.0016509998002312229,0.0009814602917902458,0.004017224786006358,0.00959149032129494,0.019150107137334137,0.03626896423002654,0.06909537508571391,0.13064333219449437,0.17026320158369296,0.12991836130056636,0.06766109668888742,0.03418014341360465,0.016552447572612466,0.006806700902701384,0.0016509998002312229
0.0005949990980667562,0.002349400548864758,0.0051138804829275455,0.008523922048898765,0.011969772368411612,0.014690899164454346,0.016009760993624084,0.015605089603499975,0.013643350996296048,0.010672745767728642,0.007373361090627032,0.004337799884413207,0.0019720961474344054,0.0004973641595277901,0.0005949990980667562,0.002410592235669292,0.005603413977363814,0.010603777430314397,0.01832311627706697,0.030439576093984736,0.04947714610734832,0.07667857556659918,0.10020588805803365,0.0978222241290113,0.06966866482634679,0.03838075287940663,0.01653016074948685,0.004067890758727604,0.0004973641595277901,0.0020068171287879145,0.00461556773524128,0.008552044992113443,0.014254456395967258,0.02239421139903294,0.03366385504521264,0.0477377646715951,0.060548437597757215,0.063917471332458,0.0533267434748586,0.03424318944618377,0.01601296532033399,0.004067890758727604
0.0004973641595277902,0.0019720961474344063,0.00433779988441321,0.0073733610906270355,0.01067274576772864,0.013643350996296048,0.015605089603499975,0.01600976099362408,0.014690899164454348,0.01196977236841161,0.00852392204889876,0.005113880482927544,0.0023494005488647568,0.000594999098066756,0.0004973641595277902,0.0020068171287879154,0.004615567735241282,0.008552044992113449,0.014254456395967258,0.02239421139903294,0.033663855045212625,0.047737764671595066,0.0605484375977572,0.06391747133245798,0.05332674347485857,0.034243189446183764,0.016012965320333993,0.004067890758727604,0.000594999098066756,0.0024105922356692914,0.005603413977363814,0.010603777430314395,0.018323116277066974,0.03043957609398474,0.04947714610734833,0.07667857556659922,0.10020588805803368,0.0978222241290113,0.06966866482634677,0.03838075287940663,0.01653016074948685,0.004067890758727604
0.0028988446512697857,0.012072126083055173,0.03007037860575311,0.06432941055217781,0.12747651737452395,0.16869104373467395,0.12987573180757225,0.06905783159214689,0.03688229645439404,0.020314651808514567,0.011154402524345823,0.005725208791708947,0.0024282419497433853,0.0005961408053249895,0.0028988446512697857,0.011118631127103106,0.022442418958136565,0.03243674438085765,0.036731639252310995,0.03437227073237361,0.027984458800149423,0.02078131963402356,0.014499967727785225,0.009571441077151624,0.005885991326400218,0.00322452512779289,0.0014128036870373493,0.00035119232378711307,0.0005961408053249895,0.002340884492856529,0.005026349136614098,0.008174384435732679,0.011071643420920966,0.012985477934092994,0.013460726832424611,0.012493768730176425,0.010465246209631147,0.007915779455091188,0.005340620921132104,0.003095974857570537,0.001396734903259555,0.00035119232378711307
0.0005961408053249896,0.002428241949743386,0.00572520879170895,0.011154402524345828,0.020314651808514557,0.03688229645439403,0.0690578315921469,0.12987573180757225,0.16869104373467395,0.12747651737452392,0.06432941055217778,0.03007037860575309,0.01207212608305517,0.002898844651269785,0.0005961408053249896,0.00234088449285653,0.0050263491366141,0.008174384435732684,0.01107164342092097,0.012985477934092998,0.013460726832424608,0.012493768730176418,0.010465246209631142,0.007915779455091185,0.005340620921132101,0.0030959748575705368,0.001396734903259555,0.00035119232378711296,0.002898844651269785,0.011118631127103104,0.02244241895813655,0.03243674438085761,0.03673163925231096,0.0343722707323736,0.027984458800149416,0.02078131963402356,0.014499967727785225,0.00957144107715162,0.005885991326400216,0.0032245251277928893,0.001412803687037349,0.00035119232378711296
0.002898844651269785,0.011118631127103108,0.022442418958136565,0.03243674438085764,0.03673163925231099,0.03437227073237361,0.02798445880014941,0.02078131963402355,0.01449996772778522,0.009571441077151618,0.005885991326400213,0.003224525127792889,0.0014128036870373487,0.00035119232378711296,0.002898844651269785,0.012072126083055175,0.030070378605753102,0.06432941055217782,0.12747651737452395,0.16869104373467397,0.12987573180757228,0.06905783159214693,0.03688229645439406,0.02031465180851458,0.011154402524345833,0.00572520879170895,0.0024282419497433866,0.0005961408053249898,0.00035119232378711296,0.0013967349032595543,0.003095974857570536,0.0053406209211321,0.007915779455091183,0.010465246209631142,0.012493768730176423,0.013460726832424616,0.012985477934093007,0.01107164342092098,0.00817438443573269,0.005026349136614102,0.0023408844928565304,0.0005961408053249898
0.000351192323787113,0.001412803687037349,0.0032245251277928898,0.005885991326400217,0.00957144107715162,0.014499967727785218,0.020781319634023545,0.0279844588001494,0.034372270732373596,0.03673163925231097,0.03243674438085763,0.022442418958136562,0.011118631127103106,0.002898844651269785,0.000351192323787113,0.0013967349032595548,0.003095974857570537,0.005340620921132103,0.007915779455091185,0.010465246209631143,0.012493768730176425,0.013460726832424615,0.012985477934093005,0.011071643420920978,0.008174384435732686,0.005026349136614102,0.002340884492856531,0.0005961408053249897,0.002898844651269785,0.012072126083055173,0.0300703786057531,0.06432941055217781,0.12747651737452398,0.16869104373467403,0.1298757318075723,0.06905783159214696,0.03688229645439408,0.020314651808514585,0.011154402524345835,0.005725208791708952,0.002428241949743387,0.0005961408053249897
0.0005961408053249896,0.0023408844928565304,0.005026349136614102,0.008174384435732688,0.011071643420920976,0.012985477934093,0.013460726832424606,0.01249376873017642,0.010465246209631142,0.007915779455091185,0.0053406209211321,0.0030959748575705363,0.0013967349032595548,0.000351192323787113,0.0005961408053249896,0.002428241949743387,0.005725208791708951,0.011154402524345831,0.020314651808514574,0.036882296454394066,0.06905783159214693,0.12987573180757225,0.16869104373467397,0.127476517374524,0.06432941055217783,0.03007037860575311,0.012072126083055176,0.0028988446512697857,0.000351192323787113,0.001412803687037349,0.0032245251277928893,0.005885991326400216,0.009571441077151622,0.014499967727785229,0.02078131963402357,0.027984458800149443,0.03437227073237363,0.036731639252311,0.032436744380857654,0.02244241895813657,0.011118631127103106,0.0028988446512697857
0.0003511923237871132,0.0013967349032595559,0.00309597485757054,0.0053406209211321045,0.007915779455091188,0.010465246209631147,0.012493768730176423,0.013460726832424611,0.012985477934093003,0.011071643420920972,0.008174384435732684,0.005026349136614102,0.0023408844928565313,0.0005961408053249898,0.0003511923237871132,0.00141280368703735,0.0032245251277928924,0.005885991326400221,0.009571441077151625,0.014499967727785234,0.020781319634023566,0.02798445880014943,0.03437227073237363,0.036731639252310995,0.03243674438085765,0.02244241895813657,0.01111863112710311,0.0028988446512697875,0.0005961408053249898,0.002428241949743387,0.005725208791708953,0.011154402524345835,0.020314651808514588,0.03688229645439408,0.06905783159214698,0.12987573180757236,0.16869104373467406,0.12747651737452403,0.06432941055217785,0.03007037860575311,0.012072126083055178,0.0028988446512697875
0.0007258454050641452,0.0030034033257609993,0.007387703622330668,0.015749874514735626,0.03409544931887971,0.0850406615551412,0.27718743474200164,0.27718743474200164,0.08504066155514123,0.03409544931887972,0.015749874514735616,0.0073877036223306625,0.0030034033257609976,0.0007258454050641451,0.0007258454050641452,0.002803359914752162,0.005787356334259979,0.008795290432549365,0.010841204847787358,0.011372281987648577,0.010501046440340002,0.008761828956972837,0.006718395816686209,0.00475363791720702,0.003063364526983167,0.0017265144521823772,0.000767600386921972,0.00019190009673049303,0.0007258454050641451,0.0028033599147521612,0.005787356334259975,0.00879529043254936,0.010841204847787353,0.011372281987648575,0.010501046440340004,0.008761828956972842,0.006718395816686213,0.004753637917207022,0.0030633645269831675,0.0017265144521823772,0.000767600386921972,0.00019190009673049303
0.006756344602013212,0.027025378408052848,0.05924559952146031,0.08936349087230804,0.09385335233254816,0.07220337420073185,0.046560696986833336,0.028782731228331474,0.017668114276592223,0.010718853925445788,0.006253167864326609,0.003323042752861715,0.0014339725301472006,0.000354376726189335,0.006756344602013212,0.027025378408052844,0.0592455995214603,0.08936349087230801,0.09385335233254813,0.07220337420073185,0.04656069698683335,0.02878273122833149,0.017668114276592227,0.010718853925445793,0.006253167864326616,0.0033230427528617174,0.0014339725301472015,0.0003543767261893351,0.000354376726189335,0.0014010412793674786,0.003059592746623939,0.005133140510663614,0.0072881666099155265,0.009093304819954266,0.010127881079443258,0.01012788107944326,0.00909330481995427,0.007288166609915532,0.0051331405106636195,0.003059592746623942,0.0014010412793674795,0.0003543767261893351
0.0003543767261893349,0.0014339725301472006,0.0033230427528617153,0.006253167864326612,0.010718853925445785,0.01766811427659221,0.02878273122833146,0.04656069698683331,0.07220337420073182,0.09385335233254809,0.08936349087230795,0.05924559952146027,0.027025378408052834,0.006756344602013212,0.0003543767261893349,0.0014010412793674786,0.0030595927466239383,0.005133140510663613,0.007288166609915524,0.009093304819954262,0.01012788107944325,0.010127881079443249,0.009093304819954262,0.007288166609915527,0.005133140510663615,0.003059592746623939,0.0014010412793674786,0.00035437672618933506,0.006756344602013212,0.02702537840805283,0.05924559952146026,0.08936349087230797,0.09385335233254812,0.07220337420073185,0.04656069698683336,0.02878273122833149,0.01766811427659223,0.010718853925445795,0.006253167864326613,0.003323042752861716,0.0014339725301472008,0.00035437672618933506
0.0007258454050641458,0.002803359914752165,0.005787356334259982,0.00879529043254937,0.010841204847787363,0.011372281987648579,0.010501046440340004,0.008761828956972839,0.006718395816686213,0.004753637917207021,0.0030633645269831666,0.0017265144521823774,0.000767600386921972,0.00019190009673049306,0.0007258454050641458,0.0030034033257610006,0.00738770362233067,0.015749874514735633,0.03409544931887973,0.08504066155514127,0.2771874347420017,0.27718743474200164,0.08504066155514123,0.034095449318879735,0.015749874514735633,0.007387703622330669,0.003003403325761,0.0007258454050641456,0.00019190009673049306,0.0007676003869219721,0.0017265144521823772,0.003063364526983166,0.004753637917207021,0.0067183958166862155,0.008761828956972846,0.010501046440340013,0.011372281987648586,0.010841204847787366,0.008795290432549372,0.005787356334259981,0.002803359914752164,0.0007258454050641456
0.00019190009673049325,0.0007676003869219728,0.0017265144521823792,0.0030633645269831696,0.004753637917207023,0.006718395816686213,0.008761828956972839,0.010501046440340004,0.011372281987648582,0.010841204847787361,0.008795290432549367,0.00578735633425998,0.002803359914752164,0.0007258454050641456,0.00019190009673049325,0.0007676003869219728,0.0017265144521823785,0.003063364526983169,0.004753637917207023,0.006718395816686216,0.008761828956972847,0.010501046440340011,0.011372281987648586,0.010841204847787368,0.008795290432549372,0.005787356334259983,0.0028033599147521647,0.0007258454050641457,0.0007258454050641456,0.0030034033257609997,0.0073877036223306694,0.015749874514735633,0.03409544931887975,0.08504066155514127,0.27718743474200175,0.27718743474200175,0.0850406615551413,0.03409544931887976,0.015749874514735647,0.007387703622330673,0.0030034033257610015,0.0007258454050641457
0.0003543767261893352,0.0014010412793674797,0.0030595927466239422,0.005133140510663619,0.007288166609915529,0.009093304819954268,0.010127881079443256,0.010127881079443256,0.009093304819954268,0.007288166609915527,0.005133140510663616,0.003059592746623941,0.0014010412793674792,0.0003543767261893351,0.0003543767261893352,0.0014339725301472017,0.003323042752861718,0.006253167864326616,0.010718853925445795,0.01766811427659223,0.028782731228331495,0.04656069698683335,0.07220337420073185,0.09385335233254813,0.08936349087230798,0.05924559952146027,0.027025378408052834,0.006756344602013209,0.0003543767261893351,0.0014339725301472017,0.0033230427528617166,0.0062531678643266125,0.010718853925445797,0.017668114276592234,0.028782731228331502,0.04656069698683338,0.07220337420073189,0.09385335233254816,0.089363490872308,0.05924559952146027,0.027025378408052834,0.006756344602013209
0.0012960976289066082,0.0054479933460123255,0.013987740610923855,0.0326889296575498,0.08404420399631385,0.27660171282848994,0.2769955346452711,0.08522254002855156,0.034628520116077185,0.01659843099805052,0.008480066879925205,0.004194543229152742,0.00174850091984593,0.00042651470945679584,0.0012960976289066082,0.004920787685240537,0.009770095324749553,0.01392313785171519,0.015762025842546754,0.015036147127963749,0.012668379616555182,0.009775201035275854,0.007054523260118445,0.0047786855403678715,0.002991504013395249,0.0016568448656532429,0.0007300568933550282,0.00018187847341037629,0.00042651470945679584,0.0016636167558084357,0.003515469916852791,0.005561384332090783,0.0072485424091970315,0.008124201235044632,0.008035983551908692,0.0071449105261430085,0.005776293431988806,0.004254504430374914,0.0028188777097769247,0.0016161568702368755,0.0007249708939279823,0.00018187847341037629
0.0004265147094567959,0.0017485009198459302,0.004194543229152745,0.00848006687992521,0.016598430998050518,0.03462852011607718,0.08522254002855156,0.2769955346452711,0.27660171282849005,0.08404420399631389,0.03268892965754977,0.013987740610923846,0.005447993346012324,0.0012960976289066077,0.0004265147094567959,0.0016636167558084362,0.0035154699168527927,0.005561384332090787,0.007248542409197034,0.008124201235044632,0.00803598355190869,0.007144910526143003,0.005776293431988803,0.004254504430374914,0.0028188777097769243,0.001616156870236875,0.0007249708939279823,0.00018187847341037634,0.0012960976289066077,0.0049207876852405364,0.009770095324749548,0.013923137851715181,0.015762025842546747,0.015036147127963745,0.012668379616555186,0.00977520103527586,0.007054523260118448,0.004778685540367872,0.0029915040133952496,0.001656844865653243,0.0007300568933550282,0.00018187847341037634
0.005404444024658465,0.022769929722914133,0.05791656596132489,0.12242522972784994,0.1649903036761281,0.12735235150884114,0.06751695840048386,0.03615223956103902,0.02024874500909438,0.01161405220160327,0.00655348350086731,0.003418431400863765,0.0014617125441009093,0.000359978993546651,0.005404444024658465,0.020465622474353583,0.03948210797284048,0.05194115694497668,0.051140328516797846,0.0408415308198165,0.028924277386361295,0.019402707385637694,0.01263671941183056,0.00797656174255091,0.0047710550997683366,0.0025723952077166524,0.0011181393105886566,0.0002770971477936139,0.000359978993546651,0.001418119404272298,0.003069686282234874,0.005067793883732581,0.007023999852036584,0.008494713320954472,0.009129514832363567,0.008801629453822712,0.007640480764674329,0.005954978252830933,0.004108416563879787,0.0024163836970894376,0.0010986378717602544,0.0002770971477936139
0.00035997899354665093,0.001461712544100909,0.0034184314008637653,0.006553483500867311,0.011614052201603263,0.02024874500909437,0.036152239561038996,0.06751695840048383,0.12735235150884108,0.16499030367612802,0.12242522972784986,0.057916565961324835,0.02276992972291412,0.005404444024658464,0.00035997899354665093,0.0014181194042722977,0.0030696862822348738,0.005067793883732581,0.007023999852036583,0.008494713320954469,0.00912951483236356,0.008801629453822702,0.00764048076467432,0.005954978252830927,0.004108416563879782,0.0024163836970894363,0.001098637871760254,0.0002770971477936138,0.005404444024658464,0.020465622474353573,0.039482107972840456,0.051941156944976634,0.0511403285167978,0.040841530819816486,0.028924277386361295,0.01940270738563769,0.012636719411830555,0.007976561742550906,0.004771055099768335,0.0025723952077166515,0.0011181393105886557,0.0002770971477936138
0.005404444024658464,0.020465622474353583,0.03948210797284048,0.05194115694497666,0.051140328516797826,0.04084153081981649,0.02892427738636128,0.01940270738563768,0.012636719411830552,0.007976561742550903,0.0047710550997683305,0.0025723952077166506,0.0011181393105886557,0.00027709714779361374,0.005404444024658464,0.022769929722914126,0.05791656596132486,0.12242522972784993,0.16499030367612808,0.1273523515088411,0.06751695840048388,0.03615223956103904,0.020248745009094387,0.011614052201603277,0.006553483500867317,0.003418431400863766,0.0014617125441009097,0.00035997899354665115,0.00027709714779361374,0.0010986378717602538,0.002416383697089436,0.0041084165638797816,0.005954978252830926,0.007640480764674322,0.008801629453822709,0.009129514832363569,0.008494713320954477,0.007023999852036591,0.005067793883732586,0.0030696862822348764,0.0014181194042722986,0.00035997899354665115
0.0002770971477936138,0.001118139310588656,0.002572395207716651,0.004771055099768332,0.007976561742550901,0.012636719411830546,0.019402707385637673,0.02892427738636127,0.04084153081981648,0.051140328516797805,0.05194115694497664,0.03948210797284046,0.02046562247435358,0.005404444024658464,0.0002770971477936138,0.001098637871760254,0.0024163836970894363,0.004108416563879782,0.005954978252830927,0.007640480764674323,0.008801629453822707,0.009129514832363562,0.008494713320954472,0.007023999852036588,0.005067793883732584,0.0030696862822348755,0.0014181194042722988,0.00035997899354665104,0.005404444024658464,0.02276992972291412,0.05791656596132484,0.12242522972784987,0.16499030367612808,0.12735235150884117,0.0675169584004839,0.036152239561039044,0.020248745009094397,0.011614052201603279,0.006553483500867317,0.0034184314008637666,0.00146171254410091,0.00035997899354665104
0.0012960976289066086,0.00492078768524054,0.00977009532474956,0.0139231378517152,0.015762025842546764,0.015036147127963757,0.012668379616555188,0.009775201035275856,0.007054523260118447,0.0047786855403678715,0.0029915040133952483,0.0016568448656532433,0.0007300568933550284,0.00018187847341037634,0.0012960976289066086,0.005447993346012328,0.01398774061092386,0.0326889296575498,0.08404420399631389,0.2766017128284901,0.2769955346452712,0.08522254002855163,0.03462852011607722,0.01659843099805054,0.00848006687992522,0.004194543229152747,0.0017485009198459315,0.00042651470945679617,0.00018187847341037634,0.0007249708939279823,0.001616156870236875,0.002818877709776923,0.004254504430374913,0.005776293431988808,0.007144910526143013,0.008035983551908701,0.008124201235044641,0.007248542409197042,0.005561384332090793,0.003515469916852796,0.001663616755808438,0.00042651470945679617
0.0001818784734103764,0.0007300568933550286,0.001656844865653244,0.00299150401339525,0.004778685540367872,0.007054523260118447,0.009775201035275856,0.01266837961655518,0.015036147127963749,0.015762025842546754,0.013923137851715187,0.009770095324749551,0.0049207876852405364,0.0012960976289066082,0.0001818784734103764,0.0007249708939279827,0.0016161568702368762,0.002818877709776925,0.004254504430374914,0.005776293431988807,0.007144910526143012,0.0080359835519087,0.008124201235044641,0.007248542409197043,0.005561384332090792,0.003515469916852796,0.001663616755808438,0.00042651470945679633,0.0012960976289066082,0.0054479933460123255,0.013987740610923855,0.03268892965754979,0.0840442039963139,0.27660171282849005,0.27699553464527116,0.08522254002855166,0.034628520116077234,0.01659843099805055,0.008480066879925224,0.004194543229152748,0.0017485009198459321,0.00042651470945679633
0.0004265147094567961,0.001663616755808437,0.0035154699168527953,0.005561384332090791,0.007248542409197038,0.008124201235044636,0.008035983551908692,0.007144910526143007,0.005776293431988806,0.004254504430374912,0.0028188777097769234,0.0016161568702368755,0.0007249708939279823,0.00018187847341037634,0.0004265147094567961,0.0017485009198459317,0.004194543229152747,0.008480066879925217,0.016598430998050535,0.03462852011607721,0.08522254002855163,0.27699553464527116,0.27660171282849005,0.0840442039963139,0.03268892965754981,0.013987740610923855,0.005447993346012326,0.0012960976289066084,0.00018187847341037634,0.0007300568933550283,0.0016568448656532433,0.0029915040133952488,0.0047786855403678715,0.00705452326011845,0.009775201035275865,0.012668379616555196,0.01503614712796376,0.015762025842546767,0.013923137851715199,0.009770095324749558,0.004920787685240539,0.0012960976289066084
0.00018187847341037647,0.0007249708939279828,0.0016161568702368766,0.002818877709776926,0.004254504430374915,0.005776293431988807,0.007144910526143008,0.008035983551908694,0.008124201235044638,0.007248542409197038,0.005561384332090789,0.003515469916852795,0.0016636167558084375,0.00042651470945679617,0.00018187847341037647,0.0007300568933550289,0.0016568448656532444,0.002991504013395251,0.004778685540367874,0.007054523260118451,0.009775201035275865,0.012668379616555196,0.01503614712796376,0.015762025842546767,0.0139231378517152,0.009770095324749558,0.004920787685240542,0.0012960976289066088,0.00042651470945679617,0.0017485009198459312,0.0041945432291527465,0.008480066879925217,0.016598430998050542,0.034628520116077234,0.08522254002855169,0.27699553464527127,0.2766017128284901,0.08404420399631396,0.032688929657549826,0.013987740610923862,0.005447993346012328,0.0012960976289066088
0.0003599789935466512,0.001418119404272299,0.0030696862822348764,0.005067793883732585,0.007023999852036589,0.008494713320954472,0.009129514832363562,0.008801629453822705,0.007640480764674325,0.005954978252830929,0.004108416563879783,0.002416383697089437,0.0010986378717602544,0.00027709714779361385,0.0003599789935466512,0.0014617125441009106,0.0034184314008637684,0.006553483500867318,0.011614052201603279,0.0202487450090944,0.036152239561039044,0.06751695840048388,0.12735235150884114,0.16499030367612813,0.12242522972784996,0.05791656596132486,0.022769929722914126,0.005404444024658464,0.00027709714779361385,0.0011181393105886563,0.0025723952077166524,0.004771055099768335,0.007976561742550908,0.012636719411830562,0.019402707385637704,0.02892427738636132,0.04084153081981652,0.051140328516797846,0.051941156944976676,0.03948210797284047,0.020465622474353577,0.005404444024658464
0.0002770971477936139,0.0010986378717602547,0.0024163836970894385,0.004108416563879785,0.0059549782528309295,0.007640480764674324,0.008801629453822703,0.00912951483236356,0.008494713320954472,0.0070239998520365875,0.005067793883732583,0.003069686282234875,0.0014181194042722982,0.00035997899354665104,0.0002770971477936139,0.0011181393105886568,0.0025723952077166532,0.004771055099768336,0.007976561742550908,0.012636719411830562,0.019402707385637694,0.028924277386361295,0.0408415308198165,0.05114032851679783,0.051941156944976655,0.03948210797284046,0.02046562247435358,0.005404444024658462,0.00035997899354665104,0.0014617125441009102,0.003418431400863767,0.006553483500867314,0.011614052201603277,0.020248745009094397,0.03615223956103905,0.06751695840048391,0.1273523515088412,0.16499030367612816,0.12242522972784994,0.057916565961324856,0.022769929722914126,0.005404444024658462
0.0025008959168744964,0.010805729764556403,0.029915913864846898,0.08187414946478071,0.2750321605955922,0.2759602103805587,0.08464683973836011,0.03444664164266681,0.01675278760121407,0.008911520630882372,0.00482601710313569,0.002462856639581916,0.0010421354575648415,0.000255641754561395,0.0025008959168744964,0.009201437570439565,0.017081576311912212,0.021930883951421235,0.021828477793248154,0.018262921759421253,0.013740049499057144,0.009721282187417355,0.006593190188908406,0.004281507467415552,0.002608631008834696,0.0014219517804974545,0.0006215206009408547,0.00015435660316354924,0.000255641754561395,0.0010029985789263183,0.0021497616104737306,0.0034873190582353805,0.004712578513427577,0.005523512213982217,0.005736935524895966,0.005349778722532011,0.004510146184936309,0.0034344984578849715,0.002330512589972863,0.0013564447679109315,0.0006133322243675394,0.00015435660316354924
0.0002556417545613951,0.0010421354575648417,0.0024628566395819168,0.004826017103135695,0.008911520630882373,0.01675278760121407,0.03444664164266681,0.08464683973836011,0.2759602103805588,0.2750321605955923,0.0818741494647807,0.02991591386484689,0.0108057297645564,0.0025008959168744964,0.0002556417545613951,0.001002998578926319,0.002149761610473732,0.0034873190582353822,0.0047125785134275785,0.005523512213982218,0.0057369355248959655,0.0053497787225320085,0.004510146184936306,0.00343449845788497,0.002330512589972862,0.0013564447679109313,0.0006133322243675394,0.0001543566031635493,0.0025008959168744964,0.009201437570439569,0.01708157631191221,0.02193088395142122,0.021828477793248143,0.018262921759421246,0.013740049499057142,0.009721282187417359,0.006593190188908408,0.004281507467415553,0.0026086310088346966,0.001421951780497454,0.0006215206009408548,0.0001543566031635493
0.002500895916874497,0.009201437570439567,0.017081576311912212,0.02193088395142124,0.021828477793248157,0.018262921759421253,0.01374004949905714,0.009721282187417352,0.006593190188908404,0.004281507467415549,0.002608631008834694,0.0014219517804974539,0.0006215206009408546,0.00015435660316354924,0.002500895916874497,0.0108057297645564,0.029915913864846894,0.08187414946478071,0.2750321605955922,0.27596021038055873,0.08464683973836015,0.034446641642666836,0.01675278760121408,0.00891152063088238,0.004826017103135697,0.002462856639581917,0.0010421354575648422,0.0002556417545613953,0.00015435660316354924,0.0006133322243675392,0.001356444767910931,0.0023305125899728612,0.0034344984578849698,0.004510146184936309,0.005349778722532013,0.005736935524895969,0.005523512213982221,0.004712578513427582,0.0034873190582353853,0.002149761610473733,0.0010029985789263192,0.0002556417545613953
0.00015435660316354927,0.0006215206009408548,0.0014219517804974545,0.0026086310088346957,0.00428150746741555,0.006593190188908403,0.009721282187417352,0.013740049499057138,0.01826292175942125,0.021828477793248147,0.021930883951421228,0.01708157631191221,0.009201437570439567,0.002500895916874496,0.00015435660316354927,0.0006133322243675394,0.0013564447679109313,0.0023305125899728625,0.003434498457884971,0.004510146184936309,0.005349778722532011,0.005736935524895966,0.00552351221398222,0.004712578513427583,0.0034873190582353853,0.002149761610473733,0.0010029985789263192,0.0002556417545613952,0.002500895916874496,0.0108057297645564,0.029915913864846894,0.08187414946478071,0.27503216059559227,0.2759602103805588,0.08464683973836017,0.03444664164266686,0.01675278760121409,0.008911520630882384,0.004826017103135699,0.0024628566395819185,0.0010421354575648426,0.0002556417545613952
0.00025564175456139517,0.0010029985789263192,0.0021497616104737332,0.003487319058235385,0.004712578513427582,0.0055235122139822195,0.005736935524895965,0.0053497787225320085,0.004510146184936307,0.00343449845788497,0.0023305125899728617,0.0013564447679109313,0.0006133322243675394,0.0001543566031635493,0.00025564175456139517,0.0010421354575648426,0.002462856639581918,0.004826017103135697,0.00891152063088238,0.016752787601214087,0.03444664164266684,0.08464683973836012,0.2759602103805588,0.27503216059559227,0.08187414946478073,0.029915913864846894,0.010805729764556399,0.0025008959168744964,0.0001543566031635493,0.0006215206009408548,0.001421951780497454,0.0026086310088346957,0.004281507467415553,0.0065931901889084085,0.009721282187417362,0.013740049499057156,0.018262921759421263,0.02182847779324816,0.02193088395142124,0.017081576311912212,0.009201437570439567,0.0025008959168744964
0.00015435660316354938,0.0006133322243675398,0.0013564447679109324,0.002330512589972864,0.003434498457884972,0.004510146184936309,0.0053497787225320085,0.0057369355248959655,0.0055235122139822195,0.00471257851342758,0.0034873190582353835,0.0021497616104737324,0.0010029985789263192,0.0002556417545613952,0.00015435660316354938,0.0006215206009408551,0.0014219517804974554,0.0026086310088346974,0.0042815074674155545,0.006593190188908411,0.009721282187417364,0.013740049499057149,0.018262921759421256,0.02182847779324816,0.02193088395142124,0.01708157631191222,0.009201437570439572,0.002500895916874497,0.0002556417545613952,0.0010421354575648424,0.002462856639581918,0.004826017103135698,0.008911520630882384,0.016752787601214094,0.034446641642666864,0.0846468397383602,0.2759602103805588,0.2750321605955923,0.08187414946478075,0.029915913864846905,0.010805729764556406,0.002500895916874497
0.010796699022653563,0.04564185389697671,0.11236595288540273,0.1575143358003795,0.12207562909850533,0.06393743846770124,0.033847092726704865,0.018901848121477216,0.010992531600662415,0.006474181790584051,0.0037153863694055385,0.0019571098279001597,0.0008409757597819132,0.00020749955809749632,0.010796699022653563,0.04073173828425179,0.07308502798360329,0.08130481445943664,0.06317415724238838,0.04033459875224142,0.02465951316925581,0.015098591149274082,0.009296902144948343,0.005670755144902307,0.0033232597934906584,0.0017713383680846304,0.0007655982019545226,0.00018932140010370312,0.00020749955809749632,0.0008190207049980574,0.001781469389629313,0.0029676455510088086,0.004170552801132951,0.005138404999441795,0.0056463966311145405,0.005574894962234659,0.004951979673904611,0.003936950617352454,0.002757703925834728,0.001638336743449266,0.0007489729988751019,0.00018932140010370312
0.0002074995580974963,0.000840975759781913,0.0019571098279001597,0.0037153863694055376,0.006474181790584048,0.010992531600662409,0.018901848121477206,0.033847092726704844,0.06393743846770122,0.12207562909850529,0.1575143358003794,0.1123659528854027,0.04564185389697671,0.010796699022653563,0.0002074995580974963,0.0008190207049980572,0.0017814693896293127,0.002967645551008808,0.004170552801132951,0.005138404999441793,0.005646396631114536,0.005574894962234653,0.004951979673904606,0.003936950617352451,0.002757703925834726,0.0016383367434492655,0.0007489729988751016,0.00018932140010370302,0.010796699022653563,0.04073173828425179,0.07308502798360328,0.0813048144594366,0.06317415724238835,0.04033459875224141,0.024659513169255805,0.015098591149274079,0.009296902144948339,0.005670755144902304,0.0033232597934906576,0.00177133836808463,0.0007655982019545223,0.00018932140010370302
0.010796699022653563,0.0407317382842518,0.07308502798360332,0.08130481445943664,0.06317415724238838,0.04033459875224143,0.0246595131692558,0.01509859114927407,0.009296902144948336,0.005670755144902302,0.003323259793490656,0.0017713383680846293,0.0007655982019545222,0.00018932140010370302,0.010796699022653563,0.04564185389697672,0.11236595288540271,0.15751433580037946,0.12207562909850533,0.06393743846770124,0.03384709272670487,0.01890184812147723,0.010992531600662422,0.006474181790584057,0.0037153863694055415,0.0019571098279001606,0.0008409757597819137,0.00020749955809749643,0.00018932140010370302,0.0007489729988751016,0.0016383367434492653,0.0027577039258347255,0.00393695061735245,0.00495197967390461,0.005574894962234659,0.005646396631114542,0.0051384049994417985,0.004170552801132955,0.0029676455510088116,0.0017814693896293138,0.0008190207049980577,0.00020749955809749643
0.000189321400103703,0.0007655982019545222,0.0017713383680846297,0.0033232597934906563,0.0056707551449023,0.00929690214494833,0.015098591149274065,0.02465951316925579,0.0403345987522414,0.06317415724238834,0.0813048144594366,0.07308502798360328,0.040731738284251785,0.010796699022653563,0.000189321400103703,0.0007489729988751018,0.0016383367434492653,0.002757703925834726,0.00393695061735245,0.004951979673904608,0.005574894962234654,0.005646396631114536,0.005138404999441793,0.004170552801132952,0.002967645551008809,0.0017814693896293131,0.0008190207049980574,0.00020749955809749632,0.010796699022653563,0.045641853896976704,0.1123659528854027,0.1575143358003794,0.12207562909850528,0.06393743846770122,0.03384709272670487,0.01890184812147723,0.01099253160066242,0.006474181790584055,0.0037153863694055407,0.00195710982790016,0.0008409757597819133,0.00020749955809749632
0.00020749955809749643,0.0008190207049980578,0.001781469389629314,0.00296764555100881,0.0041705528011329535,0.005138404999441796,0.005646396631114538,0.005574894962234654,0.004951979673904609,0.003936950617352451,0.002757703925834727,0.0016383367434492661,0.0007489729988751021,0.0001893214001037031,0.00020749955809749643,0.0008409757597819138,0.001957109827900161,0.003715386369405541,0.006474181790584055,0.01099253160066242,0.018901848121477226,0.03384709272670487,0.06393743846770122,0.1220756290985053,0.15751433580037943,0.11236595288540267,0.045641853896976704,0.010796699022653563,0.0001893214001037031,0.0007655982019545227,0.0017713383680846302,0.0033232597934906576,0.005670755144902306,0.009296902144948343,0.015098591149274084,0.024659513169255822,0.040334598752241435,0.06317415724238838,0.08130481445943664,0.07308502798360328,0.04073173828425178,0.010796699022653563
0.0001893214001037031,0.0007489729988751021,0.0016383367434492663,0.0027577039258347273,0.003936950617352451,0.004951979673904609,0.005574894962234655,0.005646396631114538,0.005138404999441796,0.004170552801132952,0.0029676455510088094,0.0017814693896293138,0.0008190207049980576,0.00020749955809749648,0.0001893214001037031,0.0007655982019545227,0.0017713383680846306,0.003323259793490658,0.005670755144902305,0.00929690214494834,0.015098591149274077,0.0246595131692558,0.04033459875224142,0.06317415724238837,0.08130481445943662,0.07308502798360328,0.04073173828425178,0.010796699022653561,0.00020749955809749648,0.0008409757597819138,0.001957109827900161,0.003715386369405541,0.006474181790584056,0.010992531600662424,0.018901848121477233,0.03384709272670489,0.06393743846770127,0.12207562909850536,0.15751433580037946,0.1123659528854027,0.045641853896976704,0.010796699022653561
0.005405989196412121,0.02454432943535679,0.07752079801107957,0.2718013268511068,0.2736819385265876,0.0831161542113474,0.03349281357683346,0.016247238674263413,0.008757164027718827,0.004941988777125887,0.0027681497136758117,0.001438956415766041,0.0006143573316988255,0.0001512160190399342,0.005405989196412121,0.01870358413594018,0.030794835615746696,0.03328426453097791,0.027336873147833365,0.019327581876373665,0.012863181191276976,0.008368465069567042,0.005367930733716212,0.0033623564444229138,0.002003235613444377,0.001077945481821941,0.0004681237146640951,0.00011597167399019252,0.0001512160190399342,0.0005953708206206482,0.0012870643271406218,0.002120351697856245,0.0029312853984108838,0.0035366807938012057,0.0037953879326789296,0.0036583636250499263,0.003178856703323577,0.002481728609012798,0.0017151603450483632,0.0010101531825687392,0.0004596496772574449,0.00011597167399019252
0.0001512160190399342,0.0006143573316988256,0.0014389564157660417,0.0027681497136758126,0.004941988777125884,0.008757164027718823,0.01624723867426341,0.03349281357683346,0.0831161542113474,0.27368193852658756,0.27180132685110675,0.07752079801107956,0.02454432943535679,0.005405989196412121,0.0001512160190399342,0.0005953708206206482,0.0012870643271406218,0.0021203516978562454,0.0029312853984108838,0.003536680793801203,0.0037953879326789253,0.003658363625049922,0.0031788567033235737,0.0024817286090127962,0.0017151603450483624,0.0010101531825687387,0.0004596496772574447,0.00011597167399019246,0.005405989196412121,0.01870358413594018,0.030794835615746693,0.033284264530977895,0.027336873147833347,0.01932758187637365,0.012863181191276971,0.008368465069567042,0.005367930733716212,0.0033623564444229133,0.0020032356134443764,0.0010779454818219407,0.00046812371466409497,0.00011597167399019246
0.005405989196412123,0.018703584135940178,0.030794835615746696,0.03328426453097791,0.027336873147833358,0.019327581876373654,0.01286318119127697,0.008368465069567036,0.005367930733716209,0.0033623564444229116,0.0020032356134443746,0.0010779454818219403,0.0004681237146640948,0.00011597167399019244,0.005405989196412123,0.02454432943535679,0.07752079801107956,0.2718013268511068,0.2736819385265876,0.08311615421134737,0.03349281357683347,0.01624723867426342,0.008757164027718829,0.004941988777125888,0.0027681497136758143,0.0014389564157660422,0.0006143573316988258,0.0001512160190399343,0.00011597167399019244,0.00045964967725744464,0.0010101531825687385,0.0017151603450483617,0.002481728609012796,0.0031788567033235755,0.003658363625049925,0.0037953879326789283,0.003536680793801206,0.0029312853984108864,0.0021203516978562475,0.0012870643271406226,0.0005953708206206484,0.0001512160190399343
0.00011597167399019249,0.000468123714664095,0.0010779454818219407,0.002003235613444376,0.003362356444422911,0.005367930733716207,0.008368465069567033,0.012863181191276963,0.019327581876373647,0.027336873147833344,0.033284264530977895,0.030794835615746686,0.018703584135940178,0.005405989196412121,0.00011597167399019249,0.00045964967725744475,0.0010101531825687387,0.0017151603450483621,0.002481728609012796,0.0031788567033235746,0.003658363625049923,0.0037953879326789257,0.0035366807938012044,0.0029312853984108846,0.002120351697856246,0.001287064327140622,0.0005953708206206483,0.00015121601903993426,0.005405989196412121,0.02454432943535679,0.07752079801107956,0.27180132685110675,0.27368193852658756,0.08311615421134737,0.03349281357683347,0.016247238674263424,0.008757164027718832,0.004941988777125889,0.0027681497136758143,0.001438956415766042,0.0006143573316988258,0.00015121601903993426
0.0001512160190399343,0.0005953708206206486,0.0012870643271406228,0.0021203516978562467,0.002931285398410886,0.0035366807938012053,0.0037953879326789266,0.0036583636250499233,0.0031788567033235755,0.0024817286090127967,0.0017151603450483624,0.0010101531825687392,0.0004596496772574449,0.00011597167399019252,0.0001512160190399343,0.000614357331698826,0.0014389564157660424,0.0027681497136758148,0.004941988777125889,0.008757164027718832,0.016247238674263424,0.03349281357683348,0.08311615421134738,0.2736819385265876,0.2718013268511068,0.07752079801107954,0.024544329435356782,0.005405989196412121,0.00011597167399019252,0.00046812371466409513,0.0010779454818219411,0.0020032356134443764,0.0033623564444229146,0.0053679307337162144,0.008368465069567047,0.012863181191276983,0.019327581876373668,0.027336873147833368,0.033284264530977915,0.030794835615746696,0.018703584135940178,0.005405989196412121
0.00011597167399019255,0.0004596496772574451,0.0010101531825687396,0.0017151603450483634,0.002481728609012797,0.003178856703323576,0.003658363625049923,0.0037953879326789253,0.003536680793801205,0.002931285398410885,0.0021203516978562467,0.0012870643271406228,0.0005953708206206486,0.00015121601903993434,0.00011597167399019255,0.0004681237146640953,0.0010779454818219411,0.002003235613444377,0.0033623564444229146,0.0053679307337162144,0.008368465069567045,0.012863181191276976,0.019327581876373658,0.02733687314783336,0.03328426453097791,0.0307948356157467,0.018703584135940185,0.005405989196412121,0.00015121601903993434,0.000614357331698826,0.0014389564157660422,0.002768149713675814,0.004941988777125891,0.008757164027718835,0.01624723867426343,0.033492813576833494,0.0831161542113474,0.2736819385265877,0.27180132685110686,0.07752079801107957,0.02454432943535679,0.005405989196412121
0.022682821075897825,0.09073128430359129,0.14150137048004544,0.11119690677794493,0.05676048502407985,0.029171227222062533,0.015906583631370787,0.009147585395557913,0.0054353441902786565,0.003247262654741445,0.0018802460354265125,0.0009955494035744025,0.00042889372204473245,0.00010592840167129192,0.022682821075897825,0.09073128430359129,0.1415013704800454,0.11119690677794489,0.056760485024079856,0.029171227222062536,0.01590658363137079,0.009147585395557918,0.005435344190278659,0.0032472626547414463,0.0018802460354265138,0.000995549403574403,0.0004288937220447326,0.00010592840167129196,0.00010592840167129192,0.0004185334913256029,0.0009126675578213653,0.0015275315938049871,0.002162333105214078,0.002690297159607485,0.002991220372267346,0.0029912203722673465,0.0026902971596074864,0.0021623331052140794,0.0015275315938049878,0.0009126675578213656,0.000418533491325603,0.00010592840167129196
0.00010592840167129188,0.0004288937220447324,0.0009955494035744023,0.001880246035426512,0.0032472626547414415,0.005435344190278653,0.009147585395557907,0.015906583631370777,0.02917122722206251,0.056760485024079814,0.11119690677794486,0.14150137048004538,0.09073128430359127,0.022682821075897825,0.00010592840167129188,0.0004185334913256027,0.0009126675578213652,0.0015275315938049865,0.002162333105214077,0.002690297159607484,0.0029912203722673434,0.0029912203722673425,0.002690297159607483,0.0021623331052140777,0.001527531593804987,0.0009126675578213649,0.00041853349132560267,0.00010592840167129188,0.022682821075897825,0.09073128430359127,0.14150137048004538,0.11119690677794486,0.05676048502407981,0.02917122722206251,0.015906583631370784,0.009147585395557914,0.005435344190278658,0.003247262654741445,0.0018802460354265132,0.0009955494035744025,0.0004288937220447324,0.00010592840167129188
0.00010592840167129196,0.00041853349132560305,0.0009126675578213658,0.0015275315938049875,0.002162333105214078,0.0026902971596074847,0.0029912203722673447,0.0029912203722673447,0.0026902971596074847,0.0021623331052140777,0.0015275315938049873,0.0009126675578213657,0.00041853349132560305,0.00010592840167129199,0.00010592840167129196,0.00042889372204473267,0.000995549403574403,0.001880246035426514,0.0032472626547414463,0.005435344190278659,0.009147585395557914,0.015906583631370787,0.029171227222062522,0.05676048502407983,0.11119690677794487,0.14150137048004538,0.09073128430359127,0.02268282107589782,0.00010592840167129199,0.00042889372204473283,0.000995549403574403,0.0018802460354265138,0.003247262654741447,0.005435344190278661,0.009147585395557921,0.015906583631370798,0.029171227222062533,0.05676048502407985,0.11119690677794491,0.1415013704800454,0.09073128430359127,0.02268282107589782
0.013733896214286199,0.06804846322769346,0.26492635535490294,0.26899424611363054,0.07999353778929989,0.03144692491098312,0.014945990595451946,0.00798270272039742,0.004548919955342081,0.0026521780396856205,0.00151401130864633,0.0007953406262504062,0.0003413202287452891,8.417580803406299e-05,0.013733896214286199,0.04182270648659614,0.0551203014261242,0.0445287318300329,0.02787827533456579,0.01652643992676277,0.009855247092987587,0.005988209695073117,0.0036807726566099627,0.002245314311668717,0.001316467778572569,0.0007019875346329086,0.00030348417450053677,7.505489288028874e-05,8.417580803406299e-05,0.00033208623552721486,0.0007214686805058122,0.0011993516941606985,0.0016805812238681866,0.0020634542284287405,0.002259480607699491,0.0022238786117101694,0.0019705335964262114,0.0015639443260084284,0.0010943289906028026,0.0006497538869627998,0.00029695496854177314,7.505489288028874e-05
8.417580803406299e-05,0.0003413202287452891,0.0007953406262504061,0.0015140113086463299,0.0026521780396856183,0.004548919955342077,0.007982702720397417,0.01494599059545194,0.03144692491098312,0.07999353778929988,0.2689942461136305,0.26492635535490283,0.06804846322769346,0.013733896214286202,8.417580803406299e-05,0.00033208623552721475,0.0007214686805058121,0.0011993516941606983,0.0016805812238681866,0.0020634542284287396,0.002259480607699489,0.002223878611710167,0.00197053359642621,0.0015639443260084278,0.001094328990602802,0.0006497538869627995,0.000296954968541773,7.50548928802887e-05,0.013733896214286202,0.041822706486596146,0.0551203014261242,0.04452873183003289,0.027878275334565772,0.01652643992676276,0.009855247092987582,0.005988209695073116,0.003680772656609962,0.002245314311668716,0.0013164677785725686,0.0007019875346329083,0.00030348417450053666,7.50548928802887e-05
0.013733896214286204,0.04182270648659614,0.0551203014261242,0.044528731830032905,0.027878275334565782,0.016526439926762764,0.009855247092987584,0.005988209695073112,0.00368077265660996,0.002245314311668716,0.0013164677785725682,0.0007019875346329082,0.0003034841745005366,7.505489288028871e-05,0.013733896214286204,0.06804846322769346,0.26492635535490283,0.2689942461136305,0.0799935377892999,0.03144692491098313,0.01494599059545195,0.007982702720397425,0.0045489199553420834,0.002652178039685622,0.001514011308646331,0.0007953406262504066,0.00034132022874528925,8.417580803406304e-05,7.505489288028871e-05,0.00029695496854177303,0.0006497538869627996,0.001094328990602802,0.0015639443260084278,0.001970533596426211,0.002223878611710169,0.0022594806076994918,0.0020634542284287414,0.0016805812238681879,0.0011993516941606994,0.0007214686805058125,0.00033208623552721496,8.417580803406304e-05
7.505489288028871e-05,0.0003034841745005366,0.0007019875346329082,0.0013164677785725682,0.0022453143116687147,0.0036807726566099584,0.005988209695073111,0.009855247092987579,0.01652643992676276,0.027878275334565772,0.04452873183003289,0.0551203014261242,0.041822706486596146,0.013733896214286206,7.505489288028871e-05,0.000296954968541773,0.0006497538869627995,0.0010943289906028015,0.0015639443260084271,0.0019705335964262105,0.002223878611710168,0.0022594806076994896,0.0020634542284287396,0.0016805812238681868,0.0011993516941606987,0.000721468680505812,0.00033208623552721486,8.4175808034063e-05,0.013733896214286206,0.06804846322769349,0.26492635535490283,0.2689942461136305,0.07999353778929988,0.031446924910983116,0.01494599059545195,0.007982702720397427,0.004548919955342082,0.00265217803968562,0.0015140113086463307,0.0007953406262504063,0.00034132022874528914,8.4175808034063e-05
8.417580803406303e-05,0.00033208623552721496,0.0007214686805058124,0.001199351694160699,0.001680581223868187,0.00206345422842874,0.002259480607699489,0.0022238786117101668,0.0019705335964262105,0.0015639443260084278,0.001094328990602802,0.0006497538869627997,0.0002969549685417731,7.505489288028872e-05,8.417580803406303e-05,0.00034132022874528925,0.0007953406262504067,0.001514011308646331,0.002652178039685621,0.004548919955342083,0.007982702720397424,0.014945990595451946,0.031446924910983116,0.07999353778929985,0.26899424611363043,0.2649263553549028,0.06804846322769344,0.013733896214286199,7.505489288028872e-05,0.0003034841745005367,0.0007019875346329083,0.0013164677785725688,0.0022453143116687173,0.003680772656609963,0.005988209695073118,0.009855247092987589,0.01652643992676277,0.02787827533456578,0.044528731830032885,0.05512030142612418,0.04182270648659613,0.013733896214286199
7.505489288028875e-05,0.00029695496854177325,0.0006497538869628001,0.0010943289906028024,0.0015639443260084282,0.0019705335964262114,0.002223878611710168,0.0022594806076994896,0.002063454228428741,0.0016805812238681877,0.0011993516941606992,0.0007214686805058127,0.00033208623552721507,8.417580803406305e-05,7.505489288028875e-05,0.0003034841745005368,0.0007019875346329089,0.0013164677785725692,0.0022453143116687177,0.003680772656609964,0.005988209695073118,0.009855247092987587,0.016526439926762768,0.02787827533456579,0.044528731830032905,0.0551203014261242,0.041822706486596146,0.013733896214286202,8.417580803406305e-05,0.00034132022874528947,0.0007953406262504071,0.0015140113086463316,0.0026521780396856227,0.004548919955342085,0.00798270272039743,0.014945990595451958,0.03144692491098314,0.0799935377892999,0.2689942461136305,0.26492635535490283,0.06804846322769346,0.013733896214286202
0.0435178679907537,0.24737331173023605,0.2581700107528896,0.07345290725235193,0.027443174086626578,0.012456729564787626,0.006429453637802571,0.003599544131085987,0.002108479913392581,0.0012496350156623382,0.0007202857333701174,0.000380428110261834,0.00016369455894626341,4.041086939565554e-05,0.0435178679907537,0.1007696321957936,0.08534057447734983,0.04138640521183799,0.019998136593093133,0.010325231709899001,0.005702204566021949,0.0033146165560396595,0.001984458870716565,0.0011915116259456381,0.0006920652290738662,0.0003670919543164773,0.0001582894083398703,3.910788151654493e-05,4.041086939565554e-05,0.00015959239621898087,0.00034761080844357325,0.0005805813222941505,0.000819316038451208,0.0010153424177219577,0.0011238787101361318,0.001118792710709086,0.0010020680417215967,0.0008026536244712429,0.0005655780789287371,0.00033736583793742876,0.0001545736437924892,3.910788151654493e-05
4.041086939565553e-05,0.00016369455894626341,0.000380428110261834,0.0007202857333701175,0.0012496350156623378,0.0021084799133925802,0.003599544131085986,0.006429453637802569,0.012456729564787624,0.027443174086626575,0.07345290725235194,0.25817001075288964,0.2473733117302361,0.04351786799075372,4.041086939565553e-05,0.0001595923962189808,0.0003476108084435732,0.0005805813222941505,0.0008193160384512079,0.0010153424177219575,0.0011238787101361311,0.001118792710709085,0.001002068041721596,0.0008026536244712426,0.0005655780789287368,0.00033736583793742854,0.00015457364379248915,3.910788151654492e-05,0.04351786799075372,0.10076963219579364,0.08534057447734987,0.04138640521183801,0.019998136593093133,0.010325231709899001,0.005702204566021949,0.0033146165560396603,0.0019844588707165654,0.001191511625945638,0.0006920652290738661,0.0003670919543164773,0.00015828940833987026,3.910788151654492e-05
0.04351786799075372,0.10076963219579363,0.08534057447734986,0.04138640521183801,0.019998136593093137,0.010325231709899001,0.005702204566021948,0.003314616556039658,0.001984458870716565,0.0011915116259456381,0.0006920652290738658,0.00036709195431647713,0.0001582894083398702,3.910788151654493e-05,0.04351786799075372,0.24737331173023605,0.2581700107528896,0.07345290725235193,0.027443174086626578,0.012456729564787626,0.006429453637802573,0.0035995441310859907,0.002108479913392583,0.001249635015662339,0.000720285733370118,0.00038042811026183415,0.00016369455894626347,4.041086939565555e-05,3.910788151654493e-05,0.00015457364379248918,0.00033736583793742865,0.0005655780789287368,0.0008026536244712426,0.0010020680417215965,0.0011187927107090857,0.001123878710136132,0.0010153424177219582,0.0008193160384512086,0.0005805813222941508,0.0003476108084435734,0.00015959239621898092,4.041086939565555e-05
3.910788151654493e-05,0.00015828940833987026,0.00036709195431647724,0.0006920652290738661,0.0011915116259456375,0.0019844588707165637,0.003314616556039657,0.005702204566021946,0.010325231709899001,0.01999813659309313,0.04138640521183801,0.08534057447734987,0.10076963219579364,0.043517867990753724,3.910788151654493e-05,0.00015457364379248915,0.00033736583793742865,0.0005655780789287367,0.0008026536244712424,0.0010020680417215963,0.0011187927107090853,0.0011238787101361311,0.0010153424177219577,0.0008193160384512083,0.0005805813222941507,0.00034761080844357325,0.00015959239621898087,4.041086939565554e-05,0.043517867990753724,0.24737331173023613,0.2581700107528897,0.07345290725235196,0.02744317408662657,0.012456729564787624,0.006429453637802574,0.0035995441310859907,0.002108479913392583,0.0012496350156623389,0.0007202857333701179,0.00038042811026183415,0.00016369455894626347,4.041086939565554e-05
4.0410869395655546e-05,0.00015959239621898087,0.00034761080844357336,0.0005805813222941506,0.0008193160384512081,0.0010153424177219575,0.0011238787101361311,0.001118792710709085,0.0010020680417215963,0.0008026536244712425,0.0005655780789287367,0.00033736583793742865,0.0001545736437924892,3.9107881516544944e-05,4.0410869395655546e-05,0.0001636945589462635,0.0003804281102618343,0.0007202857333701181,0.001249635015662339,0.0021084799133925824,0.0035995441310859894,0.006429453637802572,0.012456729564787623,0.02744317408662657,0.07345290725235193,0.2581700107528896,0.24737331173023605,0.0435178679907537,3.9107881516544944e-05,0.00015828940833987026,0.00036709195431647735,0.0006920652290738664,0.0011915116259456386,0.0019844588707165663,0.0033146165560396616,0.005702204566021951,0.010325231709899003,0.01999813659309313,0.041386405211838,0.08534057447734983,0.1007696321957936,0.0435178679907537
3.910788151654494e-05,0.0001545736437924892,0.0003373658379374287,0.0005655780789287369,0.0008026536244712426,0.0010020680417215963,0.001118792710709085,0.0011238787101361311,0.0010153424177219577,0.0008193160384512083,0.0005805813222941506,0.00034761080844357336,0.00015959239621898092,4.041086939565555e-05,3.910788151654494e-05,0.00015828940833987031,0.0003670919543164774,0.0006920652290738664,0.0011915116259456388,0.001984458870716566,0.00331461655603966,0.005702204566021949,0.010325231709899,0.01999813659309313,0.041386405211838,0.08534057447734984,0.1007696321957936,0.0435178679907537,4.041086939565555e-05,0.00016369455894626352,0.0003804281102618342,0.000720285733370118,0.0012496350156623395,0.0021084799133925833,0.003599544131085991,0.006429453637802575,0.012456729564787624,0.027443174086626575,0.07345290725235194,0.2581700107528896,0.24737331173023605,0.0435178679907537
0.18117262266358458,0.2246904906543383,0.05725176420503992,0.019139885410698325,0.007906885113286619,0.003796993545781105,0.0020219430339707533,0.0011523601145209408,0.0006821564640181909,0.0004068577736013294,0.00023539182707399726,0.00012458667742971854,5.366399454768894e-05,1.325312515203341e-05,0.18117262266358458,0.2246904906543383,0.05725176420503992,0.019139885410698325,0.007906885113286619,0.003796993545781105,0.002021943033970754,0.0011523601145209418,0.0006821564640181913,0.00040685777360132953,0.00023539182707399737,0.00012458667742971857,5.366399454768896e-05,1.3253125152033414e-05,1.325312515203341e-05,5.2361006668578344e-05,0.00011416277439683364,0.0001910265668704812,0.0002703282771537418,0.00033623507657392574,0.0003737785701408696,0.00037377857014086964,0.00033623507657392585,0.0002703282771537419,0.00019102656687048134,0.00011416277439683371,5.236100666857836e-05,1.3253125152033414e-05
1.3253125152033407e-05,5.366399454768893e-05,0.00012458667742971854,0.00023539182707399723,0.0004068577736013292,0.0006821564640181907,0.0011523601145209403,0.0020219430339707524,0.0037969935457811046,0.007906885113286619,0.019139885410698325,0.05725176420503992,0.2246904906543383,0.18117262266358458,1.3253125152033407e-05,5.2361006668578323e-05,0.00011416277439683365,0.0001910265668704812,0.0002703282771537417,0.00033623507657392564,0.00037377857014086937,0.0003737785701408693,0.0003362350765739256,0.0002703282771537418,0.00019102656687048123,0.00011416277439683363,5.236100666857833e-05,1.325312515203341e-05,0.18117262266358458,0.2246904906543383,0.057251764205039926,0.019139885410698325,0.007906885113286617,0.003796993545781104,0.0020219430339707537,0.0011523601145209418,0.0006821564640181913,0.0004068577736013294,0.0002353918270739973,0.00012458667742971857,5.366399454768895e-05,1.325312515203341e-05
1.3253125152033414e-05,5.2361006668578344e-05,0.00011416277439683367,0.00019102656687048126,0.00027032827715374176,0.00033623507657392564,0.0003737785701408694,0.00037377857014086937,0.0003362350765739257,0.0002703282771537418,0.00019102656687048123,0.00011416277439683367,5.2361006668578344e-05,1.3253125152033414e-05,1.3253125152033414e-05,5.3663994547688966e-05,0.00012458667742971862,0.0002353918270739974,0.00040685777360132964,0.0006821564640181913,0.0011523601145209414,0.0020219430339707533,0.0037969935457811033,0.007906885113286617,0.019139885410698318,0.057251764205039905,0.22469049065433827,0.18117262266358458,1.3253125152033414e-05,5.366399454768897e-05,0.0001245866774297186,0.0002353918270739974,0.0004068577736013297,0.0006821564640181917,0.001152360114520942,0.002021943033970754,0.003796993545781105,0.007906885113286619,0.01913988541069832,0.057251764205039905,0.22469049065433827,0.18117262266358458
